,Year,Resource,Country,GeoPolRisk,HHI,WA
0,2010,Cobalt,EU28,0.3181338764927599,0,0.6349977574705787
