,Year,Resource,Country,GeoPolRisk,HHI,WA
0,2012,Cobalt,Japan,0.06564054294691063,0,0.16534141800229377
