,Year,Resource,Country,Recycling Rate,Recycling Scenario,GeoPolRisk,HHI,Weighted Trade AVerage
0,2010,Cobalt,France,0.0,0,0.11319176763771048,0.501,0.22593167193155783
1,2010,Cobalt,France,0.0,0,0.11319176763771048,0.501,0.22593167193155783
2,2010,Cobalt,France,0.0,0,0.11319176763771048,0.501,0.22593167193155783
3,2010,Aluminium,France,0.0,0,0.09018452396588104,0.163,0.5532792881342395
4,2010,Aluminium,France,0.0,0,0.09018452396588104,0.163,0.5532792881342395
